,x,y,z,Concentration
0,0.9238795325112867,-0.3826834323650898,10.0,8.076344
1,0.9238795325112867,-0.3596047974904982,9.869114557614132,8.202963
2,0.9238795325112867,-0.2931525168369743,9.754015831243404,8.401643
3,0.9238795325112867,-0.19134171618254495,9.668586425964408,8.668858
4,0.9238795325112867,-0.06645228065352386,9.623130388857536,8.676731
5,0.9238795325112867,0.06645228065352382,9.623130388857536,8.687054
6,0.9238795325112867,0.1913417161825448,9.668586425964408,8.601006
7,0.9238795325112867,0.29315251683697424,9.754015831243404,8.500687
8,0.9238795325112867,0.3596047974904981,9.869114557614132,8.252218
9,0.9238795325112867,0.3826834323650898,10.0,8.036846
10,49.50049284718368,-20.503775481455865,10.0,9.4248085
11,49.50049284718368,-19.267246518175114,2.987295771115133,9.249173
12,49.50049284718368,19.26724651817511,2.9872957711151296,9.308831
13,49.50049284718368,20.503775481455865,9.999999999999998,9.337662
14,49.50049284718368,20.503775481455865,10.0,9.244505
15,49.50049284718368,19.267246518175114,17.012704228884868,9.329899
16,49.50049284718368,15.706803270528413,23.179572831274484,9.306291
17,49.50049284718368,10.251887740727934,27.75679044043329,9.302349
18,49.50049284718368,3.5604432476467,30.192277060159352,9.286413
19,49.50049284718368,-3.5604432476466976,30.192277060159352,9.312239
20,49.50049284718368,-10.251887740727927,27.75679044043329,9.218802
21,49.50049284718368,-15.706803270528411,23.17957283127449,9.193353
22,49.50049284718368,-19.26724651817511,17.01270422888487,9.1977215
23,49.50049284718368,-20.503775481455865,10.000000000000002,9.239014
24,98.07710616185608,-40.62486753054664,10.0,8.732895
25,98.07710616185608,40.62486753054664,9.999999999999995,8.662517
26,98.07710616185608,40.62486753054664,10.0,8.7052355
27,98.07710616185608,38.17488823885972,23.894523015383868,8.678146
28,98.07710616185608,31.12045402421985,36.113161493792376,8.679517
29,98.07710616185608,20.312433765273322,45.18216730683098,8.635261
30,98.07710616185608,7.054434214639875,50.007684509176244,8.661522
31,98.07710616185608,-7.054434214639871,50.007684509176244,8.664063
32,98.07710616185608,-20.31243376527331,45.18216730683098,8.659028
33,98.07710616185608,-31.120454024219846,36.11316149379238,8.702943
34,98.07710616185608,-38.17488823885972,23.894523015383875,8.739446
35,98.07710616185608,-40.62486753054664,10.000000000000005,8.809034
36,146.6537194765285,-60.745959579637415,10.0,8.278073
37,146.6537194765285,60.745959579637415,9.999999999999993,8.325933
38,157.3788264159691,-20.71931556503556,10.0,8.272687
39,157.3788264159691,20.71931556503556,9.999999999999998,8.341489
40,157.3788264159691,20.719315565035554,10.0,8.257507
41,157.3788264159691,10.359657782517779,27.943453628347118,8.2387495
42,157.3788264159691,-10.359657782517772,27.94345362834712,8.303443
43,157.3788264159691,-20.719315565035554,10.000000000000002,8.40096
44,146.6537194765285,60.745959579637415,10.0,8.355844
45,146.6537194765285,57.082529959544345,30.776341801882868,8.367489
46,146.6537194765285,46.53410477791129,49.04675015631027,8.347705
47,146.6537194765285,30.372979789818714,62.607544173228675,8.342712
48,146.6537194765285,10.548425181633052,69.82309195819313,8.262365
49,146.6537194765285,-10.548425181633045,69.82309195819313,8.277986
50,146.6537194765285,-30.372979789818693,62.60754417322868,8.273483
51,146.6537194765285,-46.53410477791128,49.04675015631028,8.318145
52,146.6537194765285,-57.08252995954434,30.77634180188288,8.335764
53,146.6537194765285,-60.745959579637415,10.000000000000007,8.30137
54,195.23033279120085,-80.86705162872819,10.0,8.166924
55,195.23033279120085,80.86705162872819,9.99999999999999,8.091861
56,207.2554158325774,-41.22566541551342,10.0,8.040709
57,207.2554158325774,41.22566541551342,9.999999999999995,8.098136
58,207.2554158325774,41.22566541551342,10.0,8.06796
59,207.2554158325774,29.150947574237268,39.150947574237264,8.011242
60,207.2554158325774,2.5243439596914122e-15,51.22566541551342,7.9674673
61,207.2554158325774,-29.150947574237264,39.150947574237264,8.077022
62,207.2554158325774,-41.22566541551342,10.000000000000005,8.07173
63,195.23033279120085,80.86705162872819,10.0,8.074045
64,195.23033279120085,75.99017168022895,37.65816058838187,8.07251
65,195.23033279120085,61.94775553160273,61.98033881882815,8.067524
66,195.23033279120085,40.4335258143641,80.03292103962637,8.031059
67,195.23033279120085,14.042416148626227,89.63849940721002,8.067076
68,195.23033279120085,-14.042416148626218,89.63849940721002,7.9883327
69,195.23033279120085,-40.433525814364074,80.03292103962639,8.100728
70,195.23033279120085,-61.94775553160272,61.98033881882817,8.029909
71,195.23033279120085,-75.99017168022895,37.65816058838188,8.040576
72,195.23033279120085,-80.86705162872819,10.00000000000001,8.0493965
73,243.80694610587324,-100.98814367781895,10.0,7.885308
74,243.80694610587324,100.98814367781895,9.999999999999988,7.945613
75,256.6033042565237,-61.605002861763666,10.0,7.8250456
76,256.6033042565237,61.605002861763666,9.999999999999993,7.884132
77,263.08123743883704,-20.704942419969186,10.0,7.805875
78,263.08123743883704,20.704942419969186,9.999999999999998,7.9292746
79,263.08123743883704,20.704942419969186,10.0,7.87744
80,263.08123743883704,-20.704942419969186,10.000000000000002,7.897974
81,256.6033042565237,61.605002861763666,10.0,7.75438
82,256.6033042565237,49.83949425368408,46.21051214958029,7.8681397
83,256.6033042565237,19.036992822802244,68.58983940806192,7.849369
84,256.6033042565237,-19.036992822802237,68.58983940806192,7.918736
85,256.6033042565237,-49.83949425368407,46.21051214958029,7.818322
86,256.6033042565237,-61.605002861763666,10.000000000000007,7.85499
87,243.80694610587324,100.98814367781895,10.0,7.9395876
88,243.80694610587324,94.89781340091356,44.539979374880865,7.9401917
89,243.80694610587324,77.36140628529417,74.91392748134604,7.8873487
90,243.80694610587324,50.49407183890949,97.45829790602406,7.897424
91,243.80694610587324,17.5364071156194,109.45390685622691,7.884075
92,243.80694610587324,-17.53640711561939,109.45390685622691,7.9625244
93,243.80694610587324,-50.494071838909456,97.45829790602407,7.907755
94,243.80694610587324,-77.36140628529415,74.91392748134606,7.8783193
95,243.80694610587324,-94.89781340091355,44.53997937488088,7.911928
96,243.80694610587324,-100.98814367781895,10.000000000000012,7.849622
97,292.3835594205457,-121.10923572690974,10.0,7.726183
98,292.3835594205457,121.10923572690974,9.999999999999986,7.7410564
99,305.69010491979833,-81.90941674744515,10.0,7.7515326
100,305.69010491979833,81.90941674744515,9.99999999999999,7.7625995
101,313.7662079705643,-41.30810493785107,10.0,7.7075267
102,313.7662079705643,41.30810493785107,9.999999999999995,7.6653743
103,313.7662079705643,41.308104937851056,10.0,7.732306
104,313.7662079705643,20.65405246892553,45.773868258372424,7.7138658
105,313.7662079705643,-20.654052468925517,45.773868258372424,7.6611547
106,313.7662079705643,-41.308104937851056,10.000000000000005,7.626883
107,305.69010491979833,81.9094167474451,10.0,7.6784735
108,305.69010491979833,70.93563571245402,50.954708373722546,7.6153717
109,305.69010491979833,40.95470837372256,80.935635712454,7.7550282
110,305.69010491979833,5.015505251989263e-15,91.9094167474451,7.749887
111,305.69010491979833,-40.95470837372253,80.93563571245402,7.6748104
112,305.69010491979833,-70.935635712454,50.95470837372258,7.6783357
113,305.69010491979833,-81.9094167474451,10.00000000000001,7.7370973
114,292.3835594205457,121.10923572690974,10.0,7.787456
115,292.3835594205457,113.80545512159819,51.42179816137987,7.795894
116,292.3835594205457,92.77505703898561,87.84751614386394,7.729602
117,292.3835594205457,60.55461786345489,114.88367477242177,7.8844457
118,292.3835594205457,21.030398082612578,129.26931430524382,7.6408105
119,292.3835594205457,-21.030398082612567,129.26931430524382,7.7289634
120,292.3835594205457,-60.554617863454844,114.88367477242178,7.7323713
121,292.3835594205457,-92.7750570389856,87.84751614386396,7.796528
122,292.3835594205457,-113.80545512159817,51.42179816137989,7.7454214
123,292.3835594205457,-121.10923572690974,10.000000000000014,7.782644
124,340.96017273521807,-141.2303277760005,10.0,7.5781937
125,340.96017273521807,141.2303277760005,9.999999999999982,7.653762
126,354.62906639363365,-102.1668740058444,10.0,7.6311936
127,354.62906639363365,102.1668740058444,9.999999999999988,7.678129
128,363.83829378157213,-61.81861251646378,10.0,7.6250634
129,363.83829378157213,61.81861251646378,9.999999999999993,7.5962806
130,368.4720435213121,-20.69294610669415,10.0,7.588339
131,368.4720435213121,20.69294610669415,9.999999999999998,7.566875
132,368.4720435213121,20.69294610669415,10.0,7.5581427
133,368.4720435213121,-20.69294610669415,10.000000000000002,7.420181
134,363.83829378157213,61.81861251646378,10.0,7.5726542
135,363.83829378157213,43.71236011393513,53.71236011393513,7.617066
136,363.83829378157213,3.785298297300894e-15,71.81861251646379,7.573335
137,363.83829378157213,-43.71236011393512,53.71236011393513,7.4690843
138,363.83829378157213,-61.81861251646378,10.000000000000007,7.581471
139,354.62906639363365,102.1668740058444,10.0,7.549805
140,354.62906639363365,92.04917281017472,54.32854530760822,7.627107
141,354.62906639363365,63.70000403043013,89.87727856311375,7.569211
142,354.62906639363365,22.7342682231776,109.60533716866131,7.5790915
143,354.62906639363365,-22.73426822317759,109.60533716866131,7.5811777
144,354.62906639363365,-63.700004030430115,89.87727856311376,7.591912
145,354.62906639363365,-92.04917281017472,54.32854530760824,7.535593
146,354.62906639363365,-102.1668740058444,10.000000000000012,7.5679717
147,340.96017273521807,141.2303277760005,10.0,7.647047
148,340.96017273521807,132.7130968422828,58.303616947878865,7.622382
149,340.96017273521807,108.18870779267704,100.78110480638182,7.5625014
150,340.96017273521807,70.61516388800027,132.30905163881945,7.658473
151,340.96017273521807,24.52438904960575,149.0847217542607,7.6668053
152,340.96017273521807,-24.524389049605738,149.0847217542607,7.5815945
153,340.96017273521807,-70.61516388800023,132.30905163881948,7.60678
154,340.96017273521807,-108.18870779267702,100.78110480638185,7.574815
155,340.96017273521807,-132.71309684228277,58.303616947878886,7.5994415
156,340.96017273521807,-141.2303277760005,10.000000000000018,7.596103
157,389.53678604989045,-161.35141982509128,10.0,7.6050315
158,389.53678604989045,161.35141982509128,9.99999999999998,7.525884
159,403.4762647131961,-122.3931868150262,10.0,7.437358
160,403.4762647131961,122.3931868150262,9.999999999999986,7.512099
161,413.53004638475153,-82.25624050901071,10.0,7.437848
162,413.53004638475153,82.25624050901071,9.99999999999999,7.436286
163,419.6013076511037,-41.327121641058426,10.0,7.455454
164,419.6013076511037,41.327121641058426,9.999999999999995,7.4365745
165,419.6013076511037,41.327121641058426,10.0,7.516774
166,419.6013076511037,2.5305563617847754e-15,51.327121641058426,7.4008193
167,419.6013076511037,-41.327121641058426,10.000000000000005,7.4343586
168,413.53004638475153,82.25624050901071,10.0,7.452321
169,413.53004638475153,58.16394545883307,68.16394545883307,7.4948764
170,413.53004638475153,5.036742082462741e-15,92.25624050901071,7.458993
171,413.53004638475153,-58.163945458833055,68.16394545883307,7.492768
172,413.53004638475153,-82.25624050901071,10.00000000000001,7.4669614
173,403.4762647131961,122.3931868150262,10.0,7.3859158
174,403.4762647131961,110.27245096370345,63.10441353781738,7.4705114
175,403.4762647131961,76.31090379615965,105.69084669157846,7.4616537
176,403.4762647131961,27.2350462399693,129.3245340868534,7.4203405
177,403.4762647131961,-27.235046239969286,129.3245340868534,7.4775414
178,403.4762647131961,-76.31090379615964,105.69084669157847,7.4534025
179,403.4762647131961,-110.27245096370343,63.10441353781739,7.560901
180,403.4762647131961,-122.3931868150262,10.000000000000014,7.4962363
181,389.53678604989045,161.35141982509128,10.0,7.508143
182,389.53678604989045,151.6207385629674,65.18543573437786,7.568616
183,389.53678604989045,123.60235854636848,113.71469346889971,7.4668016
184,389.53678604989045,80.67570991254566,149.73442850521715,7.440711
185,389.53678604989045,28.01838001659893,168.90012920327757,7.3972173
186,389.53678604989045,-28.01838001659891,168.90012920327757,7.478795
187,389.53678604989045,-80.6757099125456,149.73442850521718,7.5126643
188,389.53678604989045,-123.60235854636846,113.71469346889974,7.483972
189,389.53678604989045,-151.6207385629674,65.18543573437789,7.53246
190,389.53678604989045,-161.35141982509128,10.00000000000002,7.532075
191,438.11339936456284,-181.47251187418206,10.0,7.360319
192,438.11339936456284,181.47251187418206,9.999999999999977,7.31311
193,452.2626171706066,-142.59785544913163,10.0,7.315814
194,452.2626171706066,142.59785544913163,9.999999999999982,7.453427
195,462.96984337634734,-102.63794324117404,10.0,7.3669887
196,462.96984337634734,102.63794324117404,9.999999999999988,7.2744923
197,470.1535895251596,-61.896894310666575,10.0,7.2776127
198,470.1535895251596,61.896894310666575,9.999999999999993,7.3478055
199,473.75918297118625,-20.684772640088287,10.0,7.2733207
200,473.75918297118625,20.684772640088287,9.999999999999998,7.3278437
201,473.75918297118625,20.684772640088287,10.0,7.4048953
202,473.75918297118625,-20.684772640088287,10.000000000000002,7.3678455
203,470.1535895251596,61.896894310666546,10.0,7.355883
204,470.1535895251596,30.94844715533328,63.60428288839772,7.3957677
205,470.1535895251596,-30.94844715533326,63.60428288839772,7.4148684
206,470.1535895251596,-61.896894310666546,10.000000000000007,7.341783
207,462.96984337634734,102.63794324117404,10.0,7.3359313
208,462.96984337634734,83.03584034980108,70.32906936279403,7.3361697
209,462.96984337634734,31.716868729214056,107.61448473865069,7.310338
210,462.96984337634734,-31.716868729214042,107.6144847386507,7.246692
211,462.96984337634734,-83.03584034980106,70.32906936279403,7.411409
212,462.96984337634734,-102.63794324117404,10.000000000000012,7.399871
213,452.2626171706066,142.59785544913163,10.0,7.3783073
214,452.2626171706066,128.47622838931693,71.8708907124143,7.402038
215,452.2626171706066,88.90830863945942,121.4874927225564,7.3458233
216,452.2626171706066,31.731007974708294,149.02262949462738,7.2545896
217,452.2626171706066,-31.731007974708277,149.02262949462738,7.3291144
218,452.2626171706066,-88.90830863945939,121.48749272255642,7.4447007
219,452.2626171706066,-128.47622838931693,71.87089071241431,7.324988
220,452.2626171706066,-142.59785544913163,10.000000000000018,7.3326707
221,438.11339936456284,181.47251187418206,10.0,7.38124
222,438.11339936456284,170.52838028365204,72.06725452087687,7.351475
223,438.11339936456284,139.01600930005992,126.6482821314176,7.3979573
224,438.11339936456284,90.73625593709104,167.15980537161485,7.300753
225,438.11339936456284,31.512370983592106,188.71553665229447,7.412196
226,438.11339936456284,-31.512370983592085,188.71553665229447,7.3863115
227,438.11339936456284,-90.73625593709099,167.15980537161488,7.4092765
228,438.11339936456284,-139.0160093000599,126.64828213141764,7.353874
229,438.11339936456284,-170.528380283652,72.0672545208769,7.3333955
230,438.11339936456284,-181.47251187418206,10.000000000000023,7.3362484
231,486.6900126792352,-201.5936039232728,10.0,7.2532945
232,486.6900126792352,201.5936039232728,9.999999999999975,7.3473806
233,501.0065616630627,-162.7868998262552,10.0,7.3004484
234,501.0065616630627,162.7868998262552,9.99999999999998,7.2346687
235,512.2342385926497,-122.97656035967142,10.0,7.2136703
236,512.2342385926497,122.97656035967142,9.999999999999986,7.322214
237,520.3038211061439,-82.40802950461425,10.0,7.1942263
238,520.3038211061439,82.40802950461425,9.99999999999999,7.204455
239,525.165557543941,-41.33142574421053,10.0,7.2628727
240,525.165557543941,41.33142574421053,9.999999999999995,7.1522536
241,525.165557543941,41.33142574421053,10.0,7.290516
242,525.165557543941,-41.33142574421053,10.000000000000005,7.290171
243,520.3038211061439,82.40802950461425,10.0,7.2811627
244,520.3038211061439,41.20401475230713,81.36744702681348,7.2781687
245,520.3038211061439,-41.2040147523071,81.3674470268135,7.2242584
246,520.3038211061439,-82.40802950461425,10.00000000000001,7.313544
247,512.2342385926497,122.97656035967142,10.0,7.284316
248,512.2342385926497,99.49012724075068,82.28380855707002,7.231795
249,512.2342385926497,38.00184706091497,126.95765908162977,7.2256308
250,512.2342385926497,-38.001847060914955,126.95765908162979,7.339129
251,512.2342385926497,-99.49012724075067,82.28380855707003,7.271822
252,512.2342385926497,-122.97656035967142,10.000000000000014,7.2179627
253,501.0065616630627,162.7868998262552,10.0,7.3129096
254,501.0065616630627,146.66592884580567,80.63058877597098,7.3201585
255,501.0065616630627,101.49597191786937,137.27192321753574,7.3479867
256,501.0065616630627,36.22349298519131,168.70549237816263,7.3049397
257,501.0065616630627,-36.22349298519129,168.70549237816263,7.279669
258,501.0065616630627,-101.49597191786934,137.2719232175358,7.2071953
259,501.0065616630627,-146.66592884580564,80.63058877597099,7.3080587
260,501.0065616630627,-162.7868998262552,10.00000000000002,7.333823
261,486.6900126792352,201.5936039232728,10.0,7.306819
262,486.6900126792352,189.43602200433662,78.94907330737585,7.312469
263,486.6900126792352,154.42966005375135,139.58187079393548,7.256921
264,486.6900126792352,100.79680196163643,184.58518223801252,7.288978
265,486.6900126792352,35.00636195058528,208.53094410131135,7.2379885
266,486.6900126792352,-35.00636195058525,208.53094410131135,7.3189096
267,486.6900126792352,-100.79680196163636,184.58518223801255,7.3034167
268,486.6900126792352,-154.42966005375132,139.5818707939355,7.2523046
269,486.6900126792352,-189.4360220043366,78.94907330737588,7.2459354
270,486.6900126792352,-201.5936039232728,10.000000000000025,7.389348
271,535.2666259939076,-221.7146959723636,10.0,7.263335
272,535.2666259939076,221.7146959723636,9.999999999999973,7.2525887
273,549.7197732918534,-182.96430844558915,10.0,7.2096925
274,549.7197732918534,182.96430844558915,9.999999999999977,7.201716
275,561.371674632149,-143.2815767421476,10.0,7.136061
276,561.371674632149,143.2815767421476,9.999999999999982,7.2212768
277,570.1629545964192,-102.8687149667037,10.0,7.2449737
278,570.1629545964192,102.8687149667037,9.999999999999988,7.0842924
279,576.0488148371077,-61.93165779940849,10.0,7.234843
280,576.0488148371077,61.93165779940849,9.999999999999993,7.1281195
281,578.9992623595875,-20.679011099973504,10.0,7.195388
282,578.9992623595875,20.679011099973504,10.0,7.175176
283,576.0488148371077,61.93165779940849,10.0,7.157424
284,576.0488148371077,3.792220324496741e-15,71.9316577994085,7.134251
285,576.0488148371077,-61.93165779940849,10.000000000000007,7.203865
286,570.1629545964192,102.8687149667037,10.0,7.189786
287,570.1629545964192,72.7391659249023,82.7391659249023,7.1974654
288,570.1629545964192,6.298892125818756e-15,112.8687149667037,7.1578207
289,570.1629545964192,-72.73916592490228,82.7391659249023,7.2058544
290,570.1629545964192,-102.8687149667037,10.000000000000012,7.2025213
291,561.371674632149,143.28157674214756,10.0,7.1404333
292,561.371674632149,124.08548535298938,81.64078837107377,7.1932034
293,561.371674632149,71.6407883710738,134.08548535298937,7.0747538
294,561.371674632149,8.773466216702843e-15,153.28157674214756,7.1468334
295,561.371674632149,-71.64078837107375,134.0854853529894,7.174688
296,561.371674632149,-124.08548535298935,81.64078837107382,7.119745
297,561.371674632149,-143.28157674214756,10.000000000000018,7.127619
298,549.7197732918534,182.9643084455892,10.0,7.3023877
299,549.7197732918534,169.03697975296183,80.01740955626306,7.1935124
300,549.7197732918534,129.37530321698324,139.37530321698324,7.098042
301,549.7197732918534,70.01740955626308,179.03697975296183,7.1467433
302,549.7197732918534,1.1203332734804993e-14,192.9643084455892,7.242732
303,549.7197732918534,-70.01740955626305,179.03697975296183,7.166673
304,549.7197732918534,-129.37530321698324,139.37530321698324,7.2701364
305,549.7197732918534,-169.03697975296183,80.01740955626309,7.2292986
306,549.7197732918534,-182.9643084455892,10.000000000000023,7.2273684
307,535.2666259939076,221.7146959723636,10.0,7.2826233
308,535.2666259939076,208.34366372502123,85.83089209387485,7.1734705
309,535.2666259939076,169.84331080744278,152.51545945645336,7.225694
310,535.2666259939076,110.85734798618182,202.01055910441022,7.213099
311,535.2666259939076,38.500352917578454,228.34635155032822,7.1480355
312,535.2666259939076,-38.500352917578425,228.34635155032822,7.217278
313,535.2666259939076,-110.85734798618175,202.01055910441025,7.251321
314,535.2666259939076,-169.84331080744275,152.5154594564534,7.274113
315,535.2666259939076,-208.3436637250212,85.8308920938749,7.2083993
316,535.2666259939076,-221.7146959723636,10.000000000000027,7.2456484
317,583.8432393085801,-241.8357880214544,10.0,7.190865
318,583.8432393085801,241.8357880214544,9.99999999999997,7.2301335
319,598.4100034130387,-203.13282420500326,10.0,7.112542
320,598.4100034130387,203.13282420500326,9.999999999999975,7.141849
321,610.4142840133076,-163.56001444978776,10.0,7.255878
322,610.4142840133076,163.56001444978776,9.99999999999998,7.099804
323,619.8046769369257,-123.28681560250801,10.0,7.1174164
324,619.8046769369257,123.28681560250801,9.999999999999986,7.1650825
325,626.5409710797549,-82.4856836834821,10.0,7.116913
326,626.5409710797549,82.4856836834821,9.99999999999999,7.061032
327,630.5943205961007,-41.33133540349097,10.0,7.0653133
328,630.5943205961007,41.33133540349097,9.999999999999995,7.0885615
329,630.5943205961007,41.33133540349093,10.0,7.079944
330,630.5943205961007,-41.33133540349093,10.000000000000005,7.1458797
331,626.5409710797549,82.48568368348207,10.0,7.049974
332,626.5409710797549,41.24284184174104,81.43469751842304,7.1014647
333,626.5409710797549,-41.24284184174101,81.43469751842305,7.0994287
334,626.5409710797549,-82.48568368348207,10.00000000000001,7.1228657
335,619.8046769369257,123.28681560250801,10.0,7.0233035
336,619.8046769369257,87.17694334342887,97.17694334342887,7.085308
337,619.8046769369257,7.54914020523407e-15,133.286815602508,7.167606
338,619.8046769369257,-87.17694334342886,97.17694334342887,7.106547
339,619.8046769369257,-123.28681560250801,10.000000000000014,7.135426
340,610.4142840133076,163.5600144497877,10.0,7.096812
341,610.4142840133076,141.64712755686602,91.78000722489384,7.0921364
342,610.4142840133076,81.78000722489386,151.647127556866,7.115581
343,610.4142840133076,1.0015162408221368e-14,173.5600144497877,7.177471
344,610.4142840133076,-81.78000722489381,151.64712755686602,7.173968
345,610.4142840133076,-141.647127556866,91.78000722489391,7.108288
346,610.4142840133076,-163.5600144497877,10.00000000000002,7.042722
347,598.4100034130387,203.1328242050032,10.0,7.108993
348,598.4100034130387,187.67025866421574,87.73556639278502,7.132713
349,598.4100034130387,143.63659747693262,153.63659747693262,7.1638327
350,598.4100034130387,77.73556639278503,197.67025866421574,7.0478516
351,598.4100034130387,1.2438298148220958e-14,213.1328242050032,7.146992
352,598.4100034130387,-77.735566392785,197.67025866421574,7.197929
353,598.4100034130387,-143.63659747693262,153.63659747693262,7.1758413
354,598.4100034130387,-187.67025866421574,87.73556639278503,7.2278085
355,598.4100034130387,-203.1328242050032,10.000000000000025,7.130427
356,583.8432393085801,241.8357880214544,10.0,7.133729
357,583.8432393085801,227.25130544570587,92.71271088037386,7.122214
358,583.8432393085801,185.25696156113423,165.44904811897126,7.1627216
359,583.8432393085801,120.91789401072722,219.43593597080795,7.1978292
360,583.8432393085801,41.994343884571634,248.16175899934515,7.127089
361,583.8432393085801,-41.994343884571606,248.16175899934515,7.1381664
362,583.8432393085801,-120.91789401072714,219.43593597080798,7.078291
363,583.8432393085801,-185.2569615611342,165.44904811897132,7.1935983
364,583.8432393085801,-227.25130544570584,92.7127108803739,7.2205153
365,583.8432393085801,-241.8357880214544,10.00000000000003,7.1270056
366,632.4198526232525,-261.9568800705452,10.0,7.0813828
367,632.4198526232525,261.9568800705452,9.999999999999968,7.103204
368,647.0825997021333,-223.29439350561194,10.0,7.1086965
369,647.0825997021333,223.29439350561194,9.999999999999973,7.0042815
370,659.3842125486315,-183.81712991430234,10.0,7.113628
371,659.3842125486315,183.81712991430234,9.999999999999977,7.0238147
372,669.2798039115387,-143.66913755028463,10.0,7.0478325
373,669.2798039115387,143.66913755028463,9.999999999999982,7.1564136
374,676.7332658511153,-102.99691208378042,10.0,7.067224
375,676.7332658511153,102.99691208378042,9.999999999999988,7.005822
376,681.7174014930466,-61.94886205475106,10.0,7.098076
377,681.7174014930466,61.94886205475106,9.999999999999993,7.046926
378,684.214024266888,-20.674767346229515,10.0,7.0765204
379,684.214024266888,20.674767346229476,10.0,6.980741
380,681.7174014930466,61.948862054751025,10.0,7.068224
381,681.7174014930466,3.793273781308589e-15,71.94886205475103,7.090458
382,681.7174014930466,-61.948862054751025,10.000000000000007,7.054535
383,676.7332658511153,102.9969120837804,10.0,7.0824265
384,676.7332658511153,51.498456041890215,99.19794237590625,7.03387
385,676.7332658511153,-51.49845604189018,99.19794237590625,7.0610723
386,676.7332658511153,-102.9969120837804,10.000000000000012,7.0474663
387,669.2798039115387,143.66913755028457,10.0,6.931272
388,669.2798039115387,116.23077384537213,94.44660026163605,7.0294046
389,669.2798039115387,44.39620507022984,146.63746945770288,7.011871
390,669.2798039115387,-44.396205070229826,146.63746945770288,7.08589
391,669.2798039115387,-116.23077384537211,94.44660026163606,6.99806
392,669.2798039115387,-143.66913755028457,10.000000000000018,7.0511746
393,659.3842125486315,183.81712991430234,10.0,7.0962496
394,659.3842125486315,159.19030415653032,101.90856495715116,6.983378
395,659.3842125486315,91.90856495715119,169.1903041565303,7.008864
396,659.3842125486315,1.1255552988900178e-14,193.81712991430234,7.0308
397,659.3842125486315,-91.90856495715113,169.19030415653032,7.1316333
398,659.3842125486315,-159.19030415653026,101.90856495715123,7.047494
399,659.3842125486315,-183.81712991430234,10.000000000000023,7.043543
400,647.0825997021334,223.2943935056119,10.0,7.163368
401,647.0825997021334,206.29711988435602,95.45106493460858,7.117812
402,647.0825997021334,157.89297984875557,167.89297984875557,7.0705786
403,647.0825997021334,85.4510649346086,216.29711988435602,7.0478683
404,647.0825997021334,1.3672838213709858e-14,233.2943935056119,7.058974
405,647.0825997021334,-85.45106493460857,216.29711988435602,7.0388923
406,647.0825997021334,-157.89297984875554,167.89297984875557,7.065989
407,647.0825997021334,-206.29711988435602,95.4510649346086,7.133224
408,647.0825997021334,-223.2943935056119,10.000000000000027,7.1166143
409,632.4198526232525,261.9568800705452,10.0,7.0236497
410,632.4198526232525,246.15894716639053,99.59452966687287,7.0458107
411,632.4198526232525,200.67061231482572,178.38263678148917,7.2150598
412,632.4198526232525,130.97844003527263,236.86131283720567,7.0928426
413,632.4198526232525,45.488334851564815,267.9771664483621,6.9867077
414,632.4198526232525,-45.48833485156479,267.9771664483621,7.008709
415,632.4198526232525,-130.97844003527254,236.8613128372057,6.9903355
416,632.4198526232525,-200.6706123148257,178.38263678148923,7.092912
417,632.4198526232525,-246.1589471663905,99.59452966687292,7.0912395
418,632.4198526232525,-261.9568800705452,10.000000000000032,7.1706896
419,680.9964659379249,-282.07797211963594,10.0,6.958382
420,680.9964659379249,282.07797211963594,9.999999999999966,7.033553
421,695.7413705772994,-243.4504348780061,10.0,6.962986
422,695.7413705772994,243.4504348780061,9.99999999999997,7.0846977
423,708.2972154653222,-204.05691250026396,10.0,7.0126276
424,708.2972154653222,204.05691250026396,9.999999999999975,6.936901
425,718.62449526876,-164.02135158200966,10.0,7.003689
426,718.62449526876,164.02135158200966,9.99999999999998,6.9582176
427,726.6907165446261,-123.46971880962282,10.0,7.0178633
428,726.6907165446261,123.46971880962282,9.999999999999984,6.9791474
429,732.4704999765718,-82.52960462246456,10.0,7.0265937
430,732.4704999765718,82.52960462246456,9.99999999999999,6.9962425
431,735.9456602276065,-41.329821766151106,10.0,6.9530683
432,735.9456602276065,41.329821766151106,9.999999999999995,6.940463
433,735.9456602276065,41.329821766151106,10.0,7.0684853
434,735.9456602276065,-41.329821766151106,10.000000000000005,6.9987035
435,732.4704999765718,82.52960462246456,10.0,6.954445
436,732.4704999765718,5.0534808067898916e-15,92.52960462246456,7.0064044
437,732.4704999765718,-82.52960462246456,10.00000000000001,6.8695765
438,726.6907165446261,123.46971880962282,10.0,6.9748216
439,726.6907165446261,87.30627544148052,97.30627544148052,6.9842396
440,726.6907165446261,7.560339796591417e-15,133.4697188096228,6.8600526
441,726.6907165446261,-87.30627544148051,97.30627544148052,6.9565754
442,726.6907165446261,-123.46971880962282,10.000000000000016,6.9380875
443,718.62449526876,164.02135158200966,10.0,6.9632287
444,718.62449526876,132.69606087019397,106.40933152098398,6.8894296
445,718.62449526876,50.68538507918915,165.99357523360868,6.9494753
446,718.62449526876,-50.68538507918914,165.99357523360868,6.9688587
447,718.62449526876,-132.69606087019397,106.409331520984,6.8882275
448,718.62449526876,-164.02135158200966,10.00000000000002,6.957549
449,708.2972154653222,204.05691250026396,10.0,6.993463
450,708.2972154653222,183.84892544302582,98.53697618839891,6.997568
451,708.2972154653222,127.22740394269452,169.53811840793043,7.0172086
452,708.2972154653222,45.406934749800676,208.94077967015141,7.0481668
453,708.2972154653222,-45.40693474980065,208.94077967015141,6.9379926
454,708.2972154653222,-127.2274039426945,169.53811840793043,7.023932
455,708.2972154653222,-183.8489254430258,98.53697618839894,6.954455
456,708.2972154653222,-204.05691250026396,10.000000000000025,6.9876084
457,695.7413705772994,243.4504348780061,10.0,7.0558844
458,695.7413705772994,224.91887396476173,103.16444802988914,7.0776706
459,695.7413705772994,172.1454533850521,182.1454533850521,6.9774017
460,695.7413705772994,93.16444802988916,234.91887396476173,7.008565
461,695.7413705772994,1.4907039791219066e-14,253.4504348780061,7.0040774
462,695.7413705772994,-93.16444802988913,234.91887396476173,6.9655333
463,695.7413705772994,-172.14545338505206,182.1454533850521,7.0347033
464,695.7413705772994,-224.91887396476173,103.16444802988917,7.0985203
465,695.7413705772994,-243.4504348780061,10.00000000000003,7.0653396
466,680.9964659379249,282.07797211963594,10.0,6.9543905
467,680.9964659379249,265.0665888870751,106.47634845337187,6.931433
468,680.9964659379249,216.08426306851712,191.31622544400705,6.990837
469,680.9964659379249,141.038986059818,254.28668970360334,7.004157
470,680.9964659379249,48.98232581855799,287.79257389737893,7.0315685
471,680.9964659379249,-48.98232581855795,287.79257389737893,6.9850197
472,680.9964659379249,-141.03898605981792,254.28668970360337,7.0306706
473,680.9964659379249,-216.0842630685171,191.3162254440071,6.9955873
474,680.9964659379249,-265.06658888707506,106.47634845337191,7.009631
475,680.9964659379249,-282.07797211963594,10.000000000000034,7.074431
476,729.5730792525973,-302.1990641687267,10.0,6.8866606
477,729.5730792525973,302.1990641687267,9.999999999999963,7.0216193
478,744.3891017024761,-263.6020061022894,10.0,7.000279
479,744.3891017024761,263.6020061022894,9.999999999999968,6.9279757
480,757.1648053664405,-224.28243325987663,10.0,6.9966764
481,757.1648053664405,224.28243325987663,9.999999999999973,6.8933487
482,767.8651729287758,-184.34811785757918,10.0,7.049382
483,767.8651729287758,184.34811785757918,9.999999999999977,6.909004
484,776.4608754257672,-143.90851707811478,10.0,6.8492575
485,776.4608754257672,143.90851707811478,9.999999999999982,6.987912
486,782.9283526343501,-103.07447305629759,10.0,6.9573812
487,782.9283526343501,103.07447305629759,9.999999999999988,6.953122
488,787.2498776490448,-61.957909068451876,10.0,6.9378366
489,787.2498776490448,61.957909068451876,9.999999999999993,6.9170103
490,789.4136054701717,-20.67152275849102,10.0,6.8800282
491,789.4136054701717,20.671522758490973,10.0,6.9204445
492,787.2498776490448,61.957909068451876,10.0,6.8804536
493,787.2498776490448,-61.957909068451876,10.000000000000007,6.8680882
494,782.9283526343501,103.07447305629755,10.0,6.778232
495,782.9283526343501,51.53723652814879,99.26511214844832,6.8023176
496,782.9283526343501,-51.53723652814875,99.26511214844834,6.9782634
497,782.9283526343501,-103.07447305629755,10.000000000000012,6.8689113
498,776.4608754257672,143.90851707811473,10.0,6.946068
499,776.4608754257672,101.75868829643501,111.75868829643501,6.938088
500,776.4608754257672,8.811855240487771e-15,153.90851707811473,6.8800287
501,776.4608754257672,-101.758688296435,111.75868829643501,7.006906
502,776.4608754257672,-143.90851707811473,10.000000000000018,6.9189296
503,767.8651729287758,184.34811785757918,10.0,6.8502016
504,767.8651729287758,149.14076022781728,118.35710496455975,6.952007
505,767.8651729287758,56.9667012990277,185.32547875519765,6.788755
506,767.8651729287758,-56.966701299027676,185.32547875519765,6.9055
507,767.8651729287758,-149.14076022781725,118.35710496455977,6.9016185
508,767.8651729287758,-184.34811785757918,10.000000000000023,6.949351
509,757.1648053664405,224.28243325987657,10.0,6.9808464
510,757.1648053664405,202.07148998455088,107.31250076117942,6.90524
511,757.1648053664405,139.8378098735951,185.35106728710625,6.921883
512,757.1648053664405,49.907536518982496,228.65920439711067,6.951176
513,757.1648053664405,-49.907536518982475,228.65920439711067,6.8588376
514,757.1648053664405,-139.83780987359506,185.35106728710628,6.8501368
515,757.1648053664405,-202.07148998455085,107.31250076117945,6.940199
516,757.1648053664405,-224.28243325987657,10.000000000000027,6.8820925
517,744.3891017024761,263.60200610228935,10.0,6.944614
518,744.3891017024761,243.53649816682045,110.87612047354743,7.0138125
519,744.3891017024761,186.3947660493065,196.3947660493065,6.9811816
520,744.3891017024761,100.87612047354745,253.53649816682045,6.9228115
521,744.3891017024761,1.6140967651099485e-14,273.60200610228935,6.965939
522,744.3891017024761,-100.87612047354742,253.53649816682045,6.8660154
523,744.3891017024761,-186.39476604930647,196.3947660493065,6.984274
524,744.3891017024761,-243.53649816682045,110.87612047354746,7.0249825
525,744.3891017024761,-263.60200610228935,10.000000000000032,7.024955
526,729.5730792525973,302.1990641687267,10.0,6.955613
527,729.5730792525973,283.9742306077597,113.35816723987087,6.9731903
528,729.5730792525973,231.49791382220855,204.24981410652492,6.907378
529,729.5730792525973,151.09953208436337,271.712066570001,7.085277
530,729.5730792525973,52.476316785551155,307.6079813463958,6.9880643
531,729.5730792525973,-52.47631678555113,307.6079813463958,6.8410683
532,729.5730792525973,-151.0995320843633,271.712066570001,6.871996
533,729.5730792525973,-231.49791382220852,204.24981410652498,6.9267607
534,729.5730792525973,-283.9742306077597,113.35816723987091,6.9701443
535,729.5730792525973,-302.1990641687267,10.000000000000037,7.0039053
536,778.1496925672695,-322.3201562178175,10.0,6.9241323
537,778.1496925672695,322.3201562178175,9.999999999999961,6.943456
538,793.0278776380991,-283.7499117808262,10.0,6.958556
539,793.0278776380991,283.7499117808262,9.999999999999964,6.9011903
540,805.9955890906599,-244.49608895279795,10.0,6.7856703
541,805.9955890906599,244.49608895279795,9.99999999999997,6.8181605
542,817.0215865722257,-204.6532536311543,10.0,6.846236
543,817.0215865722257,204.6532536311543,9.999999999999975,6.8131146
544,826.0793074890998,-164.31739069600528,10.0,6.87616
545,826.0793074890998,164.31739069600528,9.99999999999998,6.8883257
546,833.1469309982311,-123.58567277416601,10.0,6.896994
547,833.1469309982311,123.58567277416601,9.999999999999984,6.832544
548,838.2074305755351,-82.55622614178728,10.0,6.817034
549,838.2074305755351,82.55622614178728,9.99999999999999,6.8505816
550,841.2486150342829,-41.32789432956161,10.0,6.8332295
551,841.2486150342829,41.32789432956161,9.999999999999995,6.828852
552,841.2486150342829,41.32789432956161,10.0,6.8576694
553,841.2486150342829,-41.32789432956161,10.000000000000005,6.7858887
554,838.2074305755351,82.55622614178728,10.0,6.9732833
555,838.2074305755351,5.0551109047112415e-15,92.55622614178728,6.8646836
556,838.2074305755351,-82.55622614178728,10.00000000000001,6.874507
557,833.1469309982311,123.58567277416596,10.0,6.779222
558,833.1469309982311,61.79283638708299,117.02833216621858,6.911556
559,833.1469309982311,-61.79283638708295,117.02833216621859,6.794656
560,833.1469309982311,-123.58567277416596,10.000000000000016,6.9340444
561,826.0793074890998,164.31739069600528,10.0,6.769341
562,826.0793074890998,116.18994122802465,126.18994122802465,6.816796
563,826.0793074890998,1.0061538328005398e-14,174.31739069600528,6.935925
564,826.0793074890998,-116.18994122802464,126.18994122802465,6.90997
565,826.0793074890998,-164.31739069600528,10.00000000000002,6.73882
566,817.0215865722257,204.65325363115437,10.0,6.94056
567,817.0215865722257,177.2349166117196,112.32662681557717,6.9092464
568,817.0215865722257,102.32662681557721,187.2349166117196,6.897017
569,817.0215865722257,1.2531397599724232e-14,214.65325363115437,6.8260474
570,817.0215865722257,-102.32662681557714,187.2349166117196,6.817626
571,817.0215865722257,-177.23491661171957,112.32662681557726,6.806649
572,817.0215865722257,-204.65325363115437,10.000000000000025,6.9041133
573,805.9955890906599,244.49608895279795,10.0,6.804419
574,805.9955890906599,220.28336447037154,116.08287727445907,6.8951306
575,805.9955890906599,152.4408180564153,201.1547396836013,6.899552
576,805.9955890906599,54.40549806244273,248.36606153937274,6.9415092
577,805.9955890906599,-54.40549806244271,248.36606153937274,6.946805
578,805.9955890906599,-152.44081805641528,201.15473968360132,6.8486776
579,805.9955890906599,-220.2833644703715,116.0828772744591,6.979499
580,805.9955890906599,-244.49608895279795,10.00000000000003,6.851955
581,793.0278776380991,283.74991178082615,10.0,6.8551745
582,793.0278776380991,262.1507358461885,118.58639017357798,6.910627
583,793.0278776380991,200.6414867813068,210.6414867813068,6.896559
584,793.0278776380991,108.586390173578,272.1507358461885,6.922322
585,793.0278776380991,1.737467106103663e-14,293.74991178082615,6.945821
586,793.0278776380991,-108.58639017357797,272.1507358461885,6.9169035
587,793.0278776380991,-200.64148678130678,210.6414867813068,6.8197265
588,793.0278776380991,-262.1507358461885,118.58639017357801,6.790226
589,793.0278776380991,-283.74991178082615,10.000000000000036,6.9592323
590,778.1496925672695,322.3201562178175,10.0,6.9100857
591,778.1496925672695,302.88187232844433,120.23998602636988,6.888556
592,778.1496925672695,246.9115645759,217.18340276904283,6.8487506
593,778.1496925672695,161.16007810890878,289.1374434363987,6.927295
594,778.1496925672695,55.970307752544336,327.42338879541273,6.817739
595,778.1496925672695,-55.9703077525443,327.42338879541273,6.892355
596,778.1496925672695,-161.16007810890866,289.13744343639877,6.9181037
597,778.1496925672695,-246.91156457589997,217.1834027690429,6.8712387
598,778.1496925672695,-302.88187232844433,120.23998602636992,6.880519
599,778.1496925672695,-322.3201562178175,10.000000000000039,6.946525
600,826.7263058819419,-342.44124826690825,10.0,6.8347287
601,826.7263058819419,342.44124826690825,9.999999999999957,6.886811
602,841.6592893099546,-303.8947746672567,10.0,6.7968955
603,841.6592893099546,303.8947746672567,9.999999999999963,6.802322
604,854.7961293989451,-264.69977430361047,10.0,6.7362876
605,854.7961293989451,264.69977430361047,9.999999999999968,6.9276357
606,866.1087914701295,-224.93989128198777,10.0,6.8223968
607,866.1087914701295,224.93989128198777,9.999999999999972,6.8177514
608,875.5731337325429,-184.69997519646606,10.0,6.7464967
609,875.5731337325429,184.69997519646606,9.999999999999977,6.7916064
610,883.1689588028397,-144.06590005587273,10.0,6.7987165
611,883.1689588028397,144.06590005587273,9.999999999999982,6.798659
612,888.8800568075262,-103.1243810243224,10.0,6.8040185
613,888.8800568075262,103.1243810243224,9.999999999999988,6.795982
614,892.6942399756482,-61.96278936668663,10.0,6.789863
615,892.6942399756482,61.96278936668663,9.999999999999993,6.823096
616,894.6033686481082,-20.668965993911815,10.0,6.7731633
617,894.6033686481082,20.668965993911815,10.0,6.776242
618,892.6942399756482,61.96278936668668,10.0,6.8164525
619,892.6942399756482,-61.96278936668668,10.000000000000007,6.8146343
620,888.8800568075262,103.1243810243224,10.0,6.823617
621,888.8800568075262,6.314547156774424e-15,113.1243810243224,6.749764
622,888.8800568075262,-103.1243810243224,10.000000000000012,6.782295
623,883.1689588028397,144.06590005587273,10.0,6.829499
624,883.1689588028397,101.86997486725103,111.86997486725103,6.79704
625,883.1689588028397,8.821492168485352e-15,154.06590005587273,6.75752
626,883.1689588028397,-101.86997486725102,111.86997486725103,6.825485
627,883.1689588028397,-144.06590005587273,10.000000000000018,6.789246
628,875.5731337325429,184.69997519646603,10.0,6.8431597
629,875.5731337325429,149.4254187945723,118.56392151926832,6.7949867
630,875.5731337325429,57.075431196339274,185.66011497015225,6.8077335
631,875.5731337325429,-57.07543119633925,185.66011497015228,6.7308245
632,875.5731337325429,-149.42541879457227,118.56392151926833,6.8111334
633,875.5731337325429,-184.69997519646603,10.000000000000023,6.6890335
634,866.1087914701294,224.93989128198783,10.0,6.7964234
635,866.1087914701294,194.80366017471124,122.4699456409939,6.8000126
636,866.1087914701294,112.46994564099394,204.80366017471124,6.838051
637,866.1087914701294,1.3773595892952e-14,234.93989128198783,6.7505035
638,866.1087914701294,-112.46994564099386,204.80366017471124,6.809013
639,866.1087914701294,-194.8036601747112,122.46994564099398,6.8931637
640,866.1087914701294,-224.93989128198783,10.000000000000028,6.8176103
641,854.7961293989451,264.6997743036105,10.0,6.77344
642,854.7961293989451,238.48625598834982,124.84892781842426,6.805535
643,854.7961293989451,165.03760983260963,216.95061695274472,6.8211594
644,854.7961293989451,58.901240996065056,268.06319831681895,6.8461733
645,854.7961293989451,-58.90124099606503,268.06319831681895,6.880912
646,854.7961293989451,-165.0376098326096,216.95061695274475,6.760699
647,854.7961293989451,-238.4862559883498,124.84892781842429,6.8070316
648,854.7961293989451,-264.6997743036105,10.000000000000032,6.8430367
649,841.6592893099546,303.8947746672567,10.0,6.823406
650,841.6592893099546,280.76216235220795,126.29549544748133,6.9339085
651,841.6592893099546,214.88605593437507,224.88605593437507,6.8654613
652,841.6592893099546,116.29549544748134,290.76216235220795,6.7855625
653,841.6592893099546,1.86081881536931e-14,313.8947746672567,6.739478
654,841.6592893099546,-116.2954954474813,290.76216235220795,6.736088
655,841.6592893099546,-214.886055934375,224.88605593437507,6.7744865
656,841.6592893099546,-280.76216235220795,126.29549544748136,6.8520584
657,841.6592893099546,-303.8947746672567,10.000000000000037,6.7800126
658,826.7263058819419,342.44124826690825,10.0,6.8713264
659,826.7263058819419,321.7895140491289,127.12180481286886,6.9506283
660,826.7263058819419,262.3252153295914,230.1169914315607,6.8963914
661,826.7263058819419,171.22062413345415,306.5628203027964,6.908018
662,826.7263058819419,59.46429871953751,347.2387962444296,6.81362
663,826.7263058819419,-59.464298719537474,347.2387962444296,6.831433
664,826.7263058819419,-171.22062413345404,306.5628203027964,6.7603664
665,826.7263058819419,-262.3252153295914,230.1169914315608,6.7819695
666,826.7263058819419,-321.7895140491289,127.12180481286892,6.880681
667,826.7263058819419,-342.44124826690825,10.000000000000043,6.789559
668,875.3029191966143,-362.562340315999,10.0,6.83464
669,875.3029191966143,362.562340315999,9.999999999999956,6.762279
670,890.2845719351125,-324.03708421080853,10.0,6.77959
671,890.2845719351125,324.03708421080853,9.999999999999961,6.817444
672,903.5715173904649,-284.895005098759,10.0,6.7443833
673,903.5715173904649,284.895005098759,9.999999999999964,6.721501
674,915.1384631068167,-245.21061215213035,10.0,6.6848974
675,915.1384631068167,245.21061215213035,9.99999999999997,6.798484
676,924.9633907455748,-205.05944686841,10.0,6.8521695
677,924.9633907455748,205.05944686841,9.999999999999975,6.808472
678,933.0275979985662,-164.51793927275858,10.0,6.774318
679,933.0275979985662,164.51793927275858,9.99999999999998,6.827769
680,939.3157341889453,-123.6632624291131,10.0,6.820684
681,939.3157341889453,123.6632624291131,9.999999999999984,6.7806344
682,943.8158294920796,-82.57318553687341,10.0,6.6965485
683,943.8158294920796,82.57318553687341,9.99999999999999,6.7473187
684,946.5193177207907,-41.325925892811235,10.0,6.744233
685,946.5193177207907,41.325925892811235,9.999999999999995,6.772213
686,946.5193177207907,41.325925892811235,10.0,6.70477
687,946.5193177207907,-41.325925892811235,10.000000000000005,6.75852
688,943.8158294920796,82.57318553687341,10.0,6.752978
689,943.8158294920796,5.056149368156627e-15,92.57318553687341,6.745943
690,943.8158294920796,-82.57318553687341,10.00000000000001,6.781855
691,939.3157341889453,123.66326242911305,10.0,6.7350016
692,939.3157341889453,61.83163121455654,117.09552677847363,6.7563066
693,939.3157341889453,-61.831631214556495,117.09552677847364,6.71313
694,939.3157341889453,-123.66326242911305,10.000000000000016,6.723563
695,933.0275979985662,164.5179392727586,10.0,6.7900124
696,933.0275979985662,116.33175048660425,126.33175048660425,6.8246927
697,933.0275979985662,1.0073818386635124e-14,174.5179392727586,6.763678
698,933.0275979985662,-116.33175048660422,126.33175048660425,6.717794
699,933.0275979985662,-164.5179392727586,10.00000000000002,6.687991
700,924.9633907455748,205.05944686840996,10.0,6.795124
701,924.9633907455748,165.89657737367025,130.53091871250334,6.787293
702,924.9633907455748,63.36685393946528,205.0231231720811,6.7402124
703,924.9633907455748,-63.36685393946525,205.02312317208114,6.775978
704,924.9633907455748,-165.89657737367023,130.53091871250336,6.764606
705,924.9633907455748,-205.05944686840996,10.000000000000025,6.9070215
706,915.1384631068167,245.21061215213035,10.0,6.7046895
707,915.1384631068167,212.35861940127808,132.60530607606518,6.718292
708,915.1384631068167,122.6053060760652,222.35861940127805,6.79141
709,915.1384631068167,1.5014819564453474e-14,255.21061215213035,6.8936095
710,915.1384631068167,-122.60530607606512,222.35861940127808,6.7740192
711,915.1384631068167,-212.35861940127802,132.60530607606526,6.753274
712,915.1384631068167,-245.21061215213035,10.00000000000003,6.725732
713,903.5715173904649,284.895005098759,10.0,6.829056
714,903.5715173904649,256.6815302148828,133.61131006816532,6.786741
715,903.5715173904649,177.62913027956813,232.73988418409965,6.797752
716,903.5715173904649,63.39510261406482,287.7520925119631,6.840567
717,903.5715173904649,-63.39510261406478,287.7520925119631,6.747665
718,903.5715173904649,-177.6291302795681,232.73988418409968,6.6856475
719,903.5715173904649,-256.6815302148828,133.61131006816538,6.795948
720,903.5715173904649,-284.895005098759,10.000000000000036,6.7716775
721,890.2845719351125,324.03708421080853,10.0,6.8087406
722,890.2845719351125,299.37122987700224,134.00362359936784,6.7707763
723,890.2845719351125,229.12881960137906,239.12881960137906,6.704501
724,890.2845719351125,124.00362359936787,309.37122987700224,6.8352103
725,890.2845719351125,1.98415488991904e-14,334.03708421080853,6.793937
726,890.2845719351125,-124.00362359936783,309.37122987700224,6.762787
727,890.2845719351125,-229.12881960137904,239.12881960137906,6.7564845
728,890.2845719351125,-299.37122987700224,134.00362359936787,6.754966
729,890.2845719351125,-324.03708421080853,10.000000000000039,6.666036
730,875.3029191966143,362.562340315999,10.0,6.794965
731,875.3029191966143,340.69715576981355,134.00362359936787,6.73679
732,875.3029191966143,277.73886608328286,243.05058009407858,6.8049955
733,875.3029191966143,181.28117015799953,323.98819716919405,6.791468
734,875.3029191966143,62.958289686530684,367.0542036934464,6.826957
735,875.3029191966143,-62.95828968653064,367.0542036934464,6.8094378
736,875.3029191966143,-181.2811701579994,323.9881971691941,6.763323
737,875.3029191966143,-277.7388660832828,243.05058009407867,6.7783346
738,875.3029191966143,-340.6971557698135,134.00362359936793,6.8406224
739,875.3029191966143,-362.562340315999,10.000000000000044,6.8179216
740,923.8795325112867,-382.6834323650898,10.0,6.7251043
741,923.8795325112867,382.6834323650898,9.999999999999954,6.7735906
742,938.9046991574296,-344.1772303626385,10.0,6.709032
743,938.9046991574296,344.1772303626385,9.999999999999957,6.7257714
744,952.3257628748145,-305.08300733554876,10.0,6.668604
745,952.3257628748145,305.08300733554876,9.999999999999963,6.7897625
746,964.1197940012136,-265.4675551080723,10.0,6.6922464
747,964.1197940012136,265.4675551080723,9.999999999999968,6.771614
748,974.2666426322876,-225.39855601580626,10.0,6.812133
749,974.2666426322876,225.39855601580626,9.999999999999972,6.764351
750,982.7489730473594,-184.94446727155832,10.0,6.7128363
751,982.7489730473594,184.94446727155832,9.999999999999977,6.8159885
752,989.5522933272027,-144.1744040073468,10.0,6.746897
753,989.5522933272027,144.1744040073468,9.999999999999982,6.672381
754,994.6649801132426,-103.15802119235693,10.0,6.7044754
755,994.6649801132426,103.15802119235693,9.999999999999988,6.632017
756,998.0782984658681,-61.965394628594666,10.0,6.762093
757,998.0782984658681,61.965394628594666,9.999999999999993,6.7439475
758,999.786416787931,-20.666901227554302,10.0,6.7060285
759,999.786416787931,20.666901227554302,10.0,6.6614037
760,998.0782984658681,61.965394628594666,10.0,6.7211356
761,998.0782984658681,-61.965394628594666,10.000000000000007,6.6270723
762,994.6649801132426,103.15802119235687,10.0,6.627634
763,994.6649801132426,6.316607022979733e-15,113.15802119235687,6.6763706
764,994.6649801132426,-103.15802119235687,10.000000000000012,6.6812344
765,989.5522933272027,144.17440400734674,10.0,6.6796165
766,989.5522933272027,72.08720200367338,134.85869644584324,6.750989
767,989.5522933272027,-72.08720200367334,134.85869644584324,6.6424
768,989.5522933272027,-144.17440400734674,10.000000000000018,6.7090764
769,982.7489730473594,184.9444672715583,10.0,6.685794
770,982.7489730473594,130.77548695065238,140.77548695065238,6.742287
771,982.7489730473594,1.1324582493206315e-14,194.9444672715583,6.7314787
772,982.7489730473594,-130.77548695065235,140.77548695065238,6.696062
773,982.7489730473594,-184.9444672715583,10.000000000000023,6.7374377
774,974.2666426322876,225.39855601580624,10.0,6.686909
775,974.2666426322876,182.3512623243608,142.48594711410982,6.7433796
776,974.2666426322876,69.65198431645767,224.36676546235068,6.700802
777,974.2666426322876,-69.65198431645764,224.3667654623507,6.693569
778,974.2666426322876,-182.35126232436076,142.48594711410982,6.774895
779,974.2666426322876,-225.39855601580624,10.000000000000028,6.801718
780,964.1197940012136,265.4675551080723,10.0,6.7223754
781,964.1197940012136,229.90164660413606,142.73377755403612,6.7125225
782,964.1197940012136,132.73377755403618,239.90164660413603,6.692567
783,964.1197940012136,1.6255199582028718e-14,275.4675551080723,6.674173
784,964.1197940012136,-132.7337775540361,239.90164660413606,6.714287
785,964.1197940012136,-229.901646604136,142.73377755403624,6.729904
786,964.1197940012136,-265.4675551080723,10.000000000000032,6.7742515
787,952.3257628748145,305.08300733554876,10.0,6.731898
788,952.3257628748145,274.8702917353748,142.3705559639773,6.6487107
789,952.3257628748145,190.21614379410786,248.5234999009569,6.6922584
790,952.3257628748145,67.88735572650744,307.43393938379853,6.750236
791,952.3257628748145,-67.88735572650741,307.43393938379853,6.744657
792,952.3257628748145,-190.21614379410784,248.52349990095692,6.7083025
793,952.3257628748145,-274.8702917353748,142.37055596397735,6.745395
794,952.3257628748145,-305.08300733554876,10.000000000000037,6.812328
795,938.9046991574296,344.1772303626385,10.0,6.6686115
796,938.9046991574296,317.9782986884639,141.7109238570847,6.7224674
797,938.9046991574296,243.3700535194262,253.3700535194262,6.70265
798,938.9046991574296,131.7109238570847,327.9782986884639,6.68166
799,938.9046991574296,2.1074777175150323e-14,354.1772303626385,6.670511
800,938.9046991574296,-131.71092385708468,327.9782986884639,6.71233
801,938.9046991574296,-243.37005351942616,253.3700535194262,6.7854247
802,938.9046991574296,-317.9782986884639,141.71092385708474,6.663153
803,938.9046991574296,-344.1772303626385,10.000000000000043,6.7058964
804,923.8795325112867,382.6834323650898,10.0,6.7160163
805,923.8795325112867,359.6047974904982,140.88544238586687,6.7511053
806,923.8795325112867,293.1525168369743,255.9841687565965,6.6936707
807,923.8795325112867,191.34171618254493,341.4135740355918,6.8128457
808,923.8795325112867,66.45228065352386,386.8696111424634,6.6361103
809,923.8795325112867,-66.45228065352381,386.8696111424634,6.6579266
810,923.8795325112867,-191.34171618254481,341.4135740355918,6.735367
811,923.8795325112867,-293.15251683697426,255.98416875659657,6.7093873
812,923.8795325112867,-359.60479749049813,140.88544238586692,6.769936
813,923.8795325112867,-382.6834323650898,10.000000000000046,6.8143015
